SupplierID,Name,ContactInfo,Address
1,Global Tech Supplies,contact@globaltechsupplies.com,123 Tech Park, Silicon Valley, CA
2,Prime Industrial Co.,info@primeindustrialco.com,456 Industrial Ave, Detroit, MI
3,Green Earth Materials,support@greenearthmaterials.com,789 Eco Lane, Portland, OR
4,Superior Steel Ltd.,sales@superiorsteel.com,321 Forge St, Pittsburgh, PA
5,Urban Farming Solutions,contact@urbanfarmingsolutions.com,654 Harvest Rd, Des Moines, IA
6,Quality Plastics Inc.,info@qualityplastics.com,987 Polymer Blvd, Akron, OH
7,Advanced Electronics,support@advancedelectronics.com,159 Circuit Dr, Austin, TX
8,NextGen Textiles,sales@nextgentextiles.com,753 Fabric Way, Greensboro, NC
9,Allied Chemicals,contact@alliedchemicals.com,852 Chemical Loop, Baton Rouge, LA
10,Precision Tools Corp.,info@precisiontools.com,951 Machinist Ln, Milwaukee, WI
11,Innovative Packaging,support@innovativepackaging.com,135 Wrap Ave, Memphis, TN
12,Solaris Energy Systems,sales@solarisenergysystems.com,246 Solar Dr, Phoenix, AZ
13,Global Logistics Partners,contact@globallogisticspartners.com,369 Cargo Rd, Miami, FL
14,Evergreen Timber Co.,info@evergreentimber.com,147 Lumber St, Seattle, WA
15,Metro Metals,support@metrometals.com,258 Alloy Blvd, Cleveland, OH
16,Pure Water Solutions,sales@purewatersolutions.com,369 Aqua Ln, Orlando, FL
17,Apex Automotive Parts,contact@apexautomotive.com,741 Motorway, Detroit, MI
18,Fusion Glassworks,info@fusionglassworks.com,852 Crystal Ct, Corning, NY
19,Alpha Pharmaceuticals,support@alphapharma.com,963 Health Rd, Boston, MA
20,Bright Lights Lighting,sales@brightlights.com,174 Beacon St, Las Vegas, NV
21,Global Paper Products,contact@globalpaperproducts.com,285 Pulp Rd, Savannah, GA
22,Vertex Aerospace,info@vertexaerospace.com,396 Flight Path, Wichita, KS
23,Mountain Fresh Produce,support@mountainfresh.com,507 Orchard Ave, Boise, ID
24,Elite Furniture,sales@elitefurniture.com,618 Comfort St, High Point, NC
25,Digital World Electronics,contact@digitalworld.com,729 Tech Ave, San Jose, CA
26,Harvest Grain Mills,info@harvestgrainmills.com,830 Mill Rd, Minneapolis, MN
27,Superior Cement,support@superiorcement.com,941 Build Blvd, Dallas, TX
28,National Plastics,sales@nationalplastics.com,152 Polymer St, Baton Rouge, LA
29,Blue Ocean Seafood,contact@blueoceanseafood.com,263 Fisherman's Wharf, Seattle, WA
30,Prime Textiles,info@primetextiles.com,374 Cotton Ln, Atlanta, GA
31,Frontier Mining Co.,support@frontiermining.com,485 Mineral Rd, Denver, CO
32,Eco Home Goods,sales@ecohomegoods.com,596 Greenway Blvd, Portland, OR
33,Urban Apparel,contact@urbanapparel.com,607 Fashion Ave, New York, NY
34,Pinnacle Paper,support@pinnaclepaper.com,718 Pulp St, Savannah, GA
35,Vision Optics,sales@visionoptics.com,829 Lens Dr, Rochester, NY
36,Grand Foods,info@grandfoods.com,930 Culinary Ct, Chicago, IL
37,Continental Tires,support@continentalties.com,141 Rubber Rd, Akron, OH
38,Artisan Crafts,sales@artisancrafts.com,252 Handmade Ln, Santa Fe, NM
39,Global Beverages,contact@globalbeverages.com,363 Refreshment Rd, Atlanta, GA
40,Alpha Medical Supplies,info@alphamedical.com,474 Health Blvd, Boston, MA
41,Northern Timber,support@northerntimber.com,585 Forest Dr, Seattle, WA
42,Silverline Jewelry,sales@silverlinejewelry.com,696 Gem St, Providence, RI
43,Sunrise Farms,contact@sunrisefarms.com,807 Country Rd, Omaha, NE
44,TechnoGadgets Inc.,info@technogadgets.com,918 Innovation Way, San Francisco, CA
45,Golden Harvest Grains,support@goldenharvest.com,129 Wheat Ln, Kansas City, MO
46,Global Auto Parts,sales@globalautoparts.com,230 Engine Rd, Detroit, MI
47,Precision Medical Devices,contact@precisionmedical.com,341 Wellness Blvd, Boston, MA
48,Urban Timber,support@urbantimber.com,452 Woodwork Ave, Portland, OR
49,Next Level Sportswear,sales@nextlevelsportswear.com,563 Athlete Dr, Denver, CO
50,EcoTech Recycling,info@ecotechrecycling.com,674 Recycle Rd, San Jose, CA
